{"name": "Vasily Zvyozdochkin", "content": "Vasily Petrovich Zvyozdochkin (Russian: \u0412\u0430\u0441\u0438\u043b\u0438\u0439 \u041f\u0435\u0442\u0440\u043e\u0432\u0438\u0447 \u0417\u0432\u0451\u0437\u0434\u043e\u0447\u043a\u0438\u043d) (1876\u20131956) was a Russian turning craftsman, wood carver and doll maker. He is credited with making the first Russian matryoshka doll (painted by Sergey Malyutin) in 1890.\n \n This Russian biographical article is a stub. You can help Wikipedia by expanding it. ", "tags": ["Russian inventors", "1876 births", "1956 deaths", "Dollmakers", "Russian people stubs", "Articles containing Russian-language text", "Articles with Russian-language sources (ru)", "All stub articles"], "raw": " Zvyozdochkin at work\nVasily Petrovich Zvyozdochkin (Russian: \u0412\u0430\u0441\u0438\u043b\u0438\u0439 \u041f\u0435\u0442\u0440\u043e\u0432\u0438\u0447 \u0417\u0432\u0451\u0437\u0434\u043e\u0447\u043a\u0438\u043d) (1876\u20131956) was a Russian turning craftsman, wood carver and doll maker. He is credited with making the first Russian matryoshka doll (painted by Sergey Malyutin) in 1890.\n\n The original matryoshka by Zvyozdochkin and Malyutin\nReferences[edit]\n\u0412\u0430\u0441\u0438\u043b\u0438\u0439 \u0417\u0432\u0435\u0437\u0434\u043e\u0447\u043a\u0438\u043d - \u043e\u0442\u0435\u0446 \u0440\u0443\u0441\u0441\u043a\u043e\u0439 \u043c\u0430\u0442\u0440\u0435\u0448\u043a\u0438 (Vasily Zvyozdochkin - the father of Russian Matryoshka) (in Russian)\n\n\nThis Russian biographical article is a stub. You can help Wikipedia by expanding it.vte\n\n\n\n", "counts": {"Vasily": 1, "Petrovich": 1, "Zvyozdochkin": 1, "Russian": 4, "\u0412\u0430\u0441\u0438\u043b\u0438\u0439": 1, "\u041f\u0435\u0442\u0440\u043e\u0432\u0438\u0447": 1, "\u0417\u0432\u0451\u0437\u0434\u043e\u0447\u043a\u0438\u043d": 1, "was": 1, "a": 2, "turning": 1, "craftsman": 1, "wood": 1, "carver": 1, "and": 1, "doll": 2, "maker": 1, "He": 1, "is": 2, "credited": 1, "with": 1, "making": 1, "the": 1, "first": 1, "matryoshka": 1, "painted": 1, "by": 2, "Sergey": 1, "Malyutin": 1, "in": 1, "This": 1, "biographical": 1, "article": 1, "stub": 1, "You": 1, "can": 1, "help": 1, "Wikipedia": 1, "expanding": 1, "it": 1}, "freq": {"Vasily": 0.021739130434782608, "Petrovich": 0.021739130434782608, "Zvyozdochkin": 0.021739130434782608, "Russian": 0.08695652173913043, "\u0412\u0430\u0441\u0438\u043b\u0438\u0439": 0.021739130434782608, "\u041f\u0435\u0442\u0440\u043e\u0432\u0438\u0447": 0.021739130434782608, "\u0417\u0432\u0451\u0437\u0434\u043e\u0447\u043a\u0438\u043d": 0.021739130434782608, "was": 0.021739130434782608, "a": 0.043478260869565216, "turning": 0.021739130434782608, "craftsman": 0.021739130434782608, "wood": 0.021739130434782608, "carver": 0.021739130434782608, "and": 0.021739130434782608, "doll": 0.043478260869565216, "maker": 0.021739130434782608, "He": 0.021739130434782608, "is": 0.043478260869565216, "credited": 0.021739130434782608, "with": 0.021739130434782608, "making": 0.021739130434782608, "the": 0.021739130434782608, "first": 0.021739130434782608, "matryoshka": 0.021739130434782608, "painted": 0.021739130434782608, "by": 0.043478260869565216, "Sergey": 0.021739130434782608, "Malyutin": 0.021739130434782608, "in": 0.021739130434782608, "This": 0.021739130434782608, "biographical": 0.021739130434782608, "article": 0.021739130434782608, "stub": 0.021739130434782608, "You": 0.021739130434782608, "can": 0.021739130434782608, "help": 0.021739130434782608, "Wikipedia": 0.021739130434782608, "expanding": 0.021739130434782608, "it": 0.021739130434782608}, "total": 46, "gender": "male"}