{"name": "Michel Reiss", "content": "Michel Reiss (23 July 1805 in Frankfurt \u2013 27 January 1869 in Frankfurt) was a German mathematician who introduced the Reiss relation.\n \n \n This article about a German mathematician is a stub. You can help Wikipedia by expanding it. ", "tags": ["1805 births", "1869 deaths", "19th-century German mathematicians", "German mathematician stubs", "Articles with German-language sources (de)", "Wikipedia articles with GND identifiers", "Wikipedia articles with MGP identifiers", "Wikipedia articles with VIAF identifiers", "Wikipedia articles with WORLDCATID identifiers", "All stub articles"], "raw": "Michel Reiss (23 July 1805 in Frankfurt \u2013 27 January 1869 in Frankfurt) was a German mathematician who introduced the Reiss relation.\n\nReferences[edit]\nReiss, M. (1867), Beitr\u00e4ge zur Theorie der Determinanten, Teubner\nBiography (in German) in Allgemeine Deutsche Biographie (Wikisource copy)\n\n\nAuthority control \nGND: 101246595\nMGP: 168007\nVIAF: 5290551\n WorldCat Identities: viaf-5290551\n\n\n\nThis article about a German mathematician is a stub. You can help Wikipedia by expanding it.vte\n\n\n\n", "counts": {"Michel": 1, "Reiss": 2, "July": 1, "in": 2, "Frankfurt": 2, "January": 1, "was": 1, "a": 3, "German": 2, "mathematician": 2, "who": 1, "introduced": 1, "the": 1, "relation": 1, "This": 1, "article": 1, "about": 1, "is": 1, "stub": 1, "You": 1, "can": 1, "help": 1, "Wikipedia": 1, "by": 1, "expanding": 1, "it": 1}, "freq": {"Michel": 0.030303030303030304, "Reiss": 0.06060606060606061, "July": 0.030303030303030304, "in": 0.06060606060606061, "Frankfurt": 0.06060606060606061, "January": 0.030303030303030304, "was": 0.030303030303030304, "a": 0.09090909090909091, "German": 0.06060606060606061, "mathematician": 0.06060606060606061, "who": 0.030303030303030304, "introduced": 0.030303030303030304, "the": 0.030303030303030304, "relation": 0.030303030303030304, "This": 0.030303030303030304, "article": 0.030303030303030304, "about": 0.030303030303030304, "is": 0.030303030303030304, "stub": 0.030303030303030304, "You": 0.030303030303030304, "can": 0.030303030303030304, "help": 0.030303030303030304, "Wikipedia": 0.030303030303030304, "by": 0.030303030303030304, "expanding": 0.030303030303030304, "it": 0.030303030303030304}, "total": 33, "gender": "ambiguous"}