{"name": "Fritz Peter", "content": "Fritz Peter (1899\u20131949) was a German mathematician who helped prove the Peter\u2013Weyl theorem. He was a student of Hermann Weyl, and later became headmaster of a secondary school (Hawkins 2000, p.502).\n \n This article about a German mathematician is a stub. You can help Wikipedia by expanding it. ", "tags": ["20th-century German mathematicians", "1949 deaths", "1899 births", "German mathematician stubs", "Articles with short description", "Short description matches Wikidata", "AC with 0 elements", "All stub articles"], "raw": "German mathematician\nFritz Peter (1899\u20131949) was a German mathematician who helped prove the Peter\u2013Weyl theorem. He was a student of Hermann Weyl, and later became headmaster of a secondary school (Hawkins 2000, p.502).\n\nPublications[edit]\nPeter, F.; Weyl, H. (1927), \"Die Vollst\u00e4ndigkeit der primitiven Darstellungen einer geschlossenen kontinuierlichen Gruppe\", Math. Ann., 97: 737\u2013755, doi:10.1007/BF01447892.\nReferences[edit]\nHawkins, Thomas (2000), Emergence of the theory of Lie groups, Sources and Studies in the History of Mathematics and Physical Sciences, Berlin, New York: Springer-Verlag, ISBN\u00a0978-0-387-98963-1, MR\u00a01771134\n\n\nThis article about a German mathematician is a stub. You can help Wikipedia by expanding it.vte\n\n\n\n", "counts": {"Fritz": 1, "Peter": 1, "was": 2, "a": 5, "German": 2, "mathematician": 2, "who": 1, "helped": 1, "prove": 1, "the": 1, "PeterWeyl": 1, "theorem": 1, "He": 1, "student": 1, "of": 2, "Hermann": 1, "Weyl": 1, "and": 1, "later": 1, "became": 1, "headmaster": 1, "secondary": 1, "school": 1, "Hawkins": 1, "p": 1, "This": 1, "article": 1, "about": 1, "is": 1, "stub": 1, "You": 1, "can": 1, "help": 1, "Wikipedia": 1, "by": 1, "expanding": 1, "it": 1}, "freq": {"Fritz": 0.022222222222222223, "Peter": 0.022222222222222223, "was": 0.044444444444444446, "a": 0.1111111111111111, "German": 0.044444444444444446, "mathematician": 0.044444444444444446, "who": 0.022222222222222223, "helped": 0.022222222222222223, "prove": 0.022222222222222223, "the": 0.022222222222222223, "PeterWeyl": 0.022222222222222223, "theorem": 0.022222222222222223, "He": 0.022222222222222223, "student": 0.022222222222222223, "of": 0.044444444444444446, "Hermann": 0.022222222222222223, "Weyl": 0.022222222222222223, "and": 0.022222222222222223, "later": 0.022222222222222223, "became": 0.022222222222222223, "headmaster": 0.022222222222222223, "secondary": 0.022222222222222223, "school": 0.022222222222222223, "Hawkins": 0.022222222222222223, "p": 0.022222222222222223, "This": 0.022222222222222223, "article": 0.022222222222222223, "about": 0.022222222222222223, "is": 0.022222222222222223, "stub": 0.022222222222222223, "You": 0.022222222222222223, "can": 0.022222222222222223, "help": 0.022222222222222223, "Wikipedia": 0.022222222222222223, "by": 0.022222222222222223, "expanding": 0.022222222222222223, "it": 0.022222222222222223}, "total": 45, "gender": "male"}